Topic,Code,Mean,Std,Min,Max
Monetary Policy & Inflation,MP,-0.287976760888117,0.1669226727648179,-0.6601927572240432,0.7473657689988613
Economic Performance,EP,-0.1829680593577481,0.19303822207633947,-0.6405452608473992,0.45238205790519714
Fiscal & Structural,FS,-0.28808916759268977,0.27442500755278054,-0.8886465132236481,0.9145590662956238
Other / Irrelevant,OI,-0.2934428323629878,0.4051397281000955,-0.9133572764694691,0.7856480777263641
