word_limit,label_time,store_time
350,949.8637425899506,0.07968664169311523
300,909.5305125713348,0.033303022384643555
250,854.9110887050629,0.033303260803222656
200,788.481303691864,0.09984421730041504
150,696.0914857387543,0.10340690612792969
100,635.8282170295715,0.08135867118835449
50,748.054270029068,0.13078713417053223
