Model,IS-QA Correlation,p-value
FINBERT,0.24560663511747458,4.0874533525934724e-05
ROBERTA,0.2751379151331433,3.939776667096717e-06
