Model,IS-QA Correlation,p-value
FINBERT,0.2400650667749769,4.0917675170507374e-05
ROBERTA,0.2839173776622519,1.054063792622447e-06
