Model,Section,Mean,Std,Min,Max,IQR
FINBERT,IS,0.21469703202738108,0.2142425075367748,-0.3775848095704402,0.7203887889045291,0.29190282444013105
FINBERT,QA,0.05553094409011871,0.07504917870440687,-0.14684953563846648,0.2914123873128311,0.10334986577240321
ROBERTA,IS,-0.1341872130059937,0.17373836637175383,-0.5974256579065695,0.30221677422523496,0.2467140446237305
ROBERTA,QA,-0.3329691412817093,0.12295432818997742,-0.6328322973102332,0.028586613945662975,0.1616650240848193
