Model,Section,Mean,Std,Min,Max,IQR,Count
FINBERT,IS,0.2075923524536655,0.22326901181954248,-0.34823638331145046,0.705240736156702,0.29004988905490564,289
FINBERT,QA,0.05342384827392462,0.07192951354878711,-0.14955208756029606,0.27296338171105494,0.09345676295456527,286
ROBERTA,IS,-0.13955385607256546,0.1918433057588139,-0.6225396773467461,0.6490378653009733,0.2577887361239204,289
ROBERTA,QA,-0.33776695603744833,0.124363366575328,-0.5974179936403577,0.010189323623975118,0.17383811306559466,286
