word_limit,correlation,avg_std,n_meetings,score
1,0.7713441946492777,0.5052637774315909,273,1.5266168466899692
50,0.7155707760228378,0.5095202993344788,273,1.4044009177995387
100,0.6759417165126628,0.47373516541208405,273,1.4268345815634924
150,0.6444205282869025,0.4515869880200083,273,1.4270130570244652
200,0.6146252128741705,0.4435540814154034,273,1.3856826904012933
250,0.6009876765250589,0.4413510744459328,273,1.3616998152310655
300,0.5980096215169379,0.440618795383313,273,1.357204067966969
350,0.588382017471903,0.4412139429153872,273,1.333552637942674
